,precision,recall,f1-score,support
Negativa (0),0.8631143775838309,0.8627180899908172,0.8629161882893226,2178.0
Positiva (1),0.9436593178820426,0.9438371654730494,0.9437482332987845,5306.0
accuracy,0.9202298236237306,0.9202298236237306,0.9202298236237306,0.9202298236237306
macro avg,0.9033868477329368,0.9032776277319333,0.9033322107940536,7484.0
weighted avg,0.9202190613388165,0.9202298236237306,0.9202244233000395,7484.0
